<?xml version="1.0" encoding="UTF-8"?>
<!DOCTYPE mapper PUBLIC "-//mybatis.org//DTD Mapper 3.0//EN" "http://mybatis.org/dtd/mybatis-3-mapper.dtd">
<mapper namespace="OutlineMapper">
	
	<!--表名 -->
	<sql id="tableName">
		TB_OUTLINEOUTLINE
	</sql>
	
	<!-- 字段 -->
	<sql id="Field">
		USERNAME,	
		REALM,	
		PASSWORD,	
		REGISTER,	
		TYPE,	
		PORT,	
		TIMEOUT,	
		INCOMING_TYPE,	
		INCOMING_IVR,	
		INCOMING_EXTEN,	
		INCOMING_CALLCENTER,	
		EFFECTIVE_CALLER_ID_NAME,	
		FORCE_EFFECTIVE_CALLER_ID_NAME,	
		TYPE_BLACKLIST,	
		OUTLINE_ID
	</sql>
	
	<!-- 字段值 -->
	<sql id="FieldValue">
		#{USERNAME},	
		#{REALM},	
		#{PASSWORD},	
		#{REGISTER},	
		#{TYPE},	
		#{PORT},	
		#{TIMEOUT},	
		#{INCOMING_TYPE},	
		#{INCOMING_IVR},	
		#{INCOMING_EXTEN},	
		#{INCOMING_CALLCENTER},	
		#{EFFECTIVE_CALLER_ID_NAME},	
		#{FORCE_EFFECTIVE_CALLER_ID_NAME},	
		#{TYPE_BLACKLIST},	
		#{OUTLINE_ID}
	</sql>
	
	<!-- 新增-->
	<insert id="save" parameterType="pd">
		insert into 
	<include refid="tableName"></include>
		(
	<include refid="Field"></include>
		) values (
	<include refid="FieldValue"></include>
		)
	</insert>
	
	<!-- 删除-->
	<delete id="delete" parameterType="pd">
		delete from
		<include refid="tableName"></include>
		where 
			OUTLINE_ID = #{OUTLINE_ID}
	</delete>
	
	<!-- 修改 -->
	<update id="edit" parameterType="pd">
		update
		<include refid="tableName"></include>
		set 
			USERNAME = #{USERNAME},
			REALM = #{REALM},
			PASSWORD = #{PASSWORD},
			REGISTER = #{REGISTER},
			TYPE = #{TYPE},
			PORT = #{PORT},
			TIMEOUT = #{TIMEOUT},
			INCOMING_TYPE = #{INCOMING_TYPE},
			INCOMING_IVR = #{INCOMING_IVR},
			INCOMING_EXTEN = #{INCOMING_EXTEN},
			INCOMING_CALLCENTER = #{INCOMING_CALLCENTER},
			EFFECTIVE_CALLER_ID_NAME = #{EFFECTIVE_CALLER_ID_NAME},
			FORCE_EFFECTIVE_CALLER_ID_NAME = #{FORCE_EFFECTIVE_CALLER_ID_NAME},
		OUTLINE_ID = OUTLINE_ID
		where 
		OUTLINE_ID = #{OUTLINE_ID}
	</update>
	
	<!-- 通过ID获取数据 -->
	<select id="findById" parameterType="pd" resultType="pd">
		select 
		<include refid="Field"></include>
		from 
		<include refid="tableName"></include>
		where 
			OUTLINE_ID = #{OUTLINE_ID}
	</select>
	
	<!-- 列表 -->
	<select id="datalistPage" parameterType="page" resultType="pd">
		select
		<include refid="Field"></include>
		from 
		<include refid="tableName"></include>
		where 1=1
		<if test="pd.keywords!= null and pd.keywords != ''"><!-- 关键词检索 -->
			and
				(
				<!--	根据需求自己加检索条件
					字段1 LIKE CONCAT(CONCAT('%', #{pd.keywords}),'%')
					 or 
					字段2 LIKE CONCAT(CONCAT('%', #{pd.keywords}),'%') 
				-->
				)
		</if>
	</select>
	
	<!-- 列表(全部) -->
	<select id="listAll" parameterType="pd" resultType="pd">
		select
		<include refid="Field"></include>
		from 
		<include refid="tableName"></include>
	</select>
	
	<!-- 批量删除 -->
	<delete id="deleteAll" parameterType="String">
		delete from
		<include refid="tableName"></include>
		where 
			OUTLINE_ID in
		<foreach item="item" index="index" collection="array" open="(" separator="," close=")">
                 #{item}
		</foreach>
	</delete>
	
</mapper>